DataReferencia;CodigoInstrumento;AcaoAtualizacao;PrecoNegocio;QuantidadeNegociada;HoraFechamento;CodigoIdentificadorNegocio;TipoSessaoPregao;DataNegocio;CodigoParticipanteComprador;CodigoParticipanteVendedor
2023-12-07;TF583R;0;10,000;10000;032049320;10;1;2023-12-07;100;100
2023-12-07;TF583R;0;10,000;10000;063821360;20;1;2023-12-07;100;100
2023-12-07;DI1N24;0;10,910;50;090000017;10;1;2023-12-07;114;114
2023-12-07;BGIF24;0;250,000;1;090000020;70;1;2023-12-07;;
2023-12-07;BGIZ23;0;249,750;1;090000020;40;1;2023-12-07;;
2023-12-07;BGIZ23;0;249,750;1;090000020;50;1;2023-12-07;;
2023-12-07;BGIZ23;0;249,750;1;090000020;60;1;2023-12-07;;
2023-12-07;SJCK24P002500;0;0,100;67;090001840;10;1;2023-12-07;;
2023-12-07;SJCK24P002950;0;1,180;67;090001840;10;1;2023-12-07;;
2023-12-07;DI1F27;0;10,100;5;090005247;10;1;2023-12-07;114;3
2023-12-07;DI1N24;0;10,910;1;090010003;20;1;2023-12-07;1618;120
2023-12-07;DI1F28;0;10,400;42;090016983;10;1;2023-12-07;3701;114
2023-12-07;DI1F28;0;10,410;2;090017767;20;1;2023-12-07;3;114
2023-12-07;DI1F28;0;10,400;8;090017767;30;1;2023-12-07;3701;114
2023-12-07;BGIH24C026200;0;3,000;3;090020147;10;1;2023-12-07;;
2023-12-07;BGIH24P022500;0;1,750;3;090020147;10;1;2023-12-07;;
2023-12-07;BGIH24P024000;0;5,000;3;090020147;10;1;2023-12-07;;
2023-12-07;DI1F25;0;10,310;1;090030000;10;1;2023-12-07;114;114
2023-12-07;DI1F25;0;10,310;2;090031077;20;1;2023-12-07;114;114
2023-12-07;DI1F25;0;10,310;23;090031077;30;1;2023-12-07;114;238
2023-12-07;DI1F25;0;10,310;20;090033107;40;1;2023-12-07;114;114
2023-12-07;DI1F25;0;10,310;35;090034710;50;1;2023-12-07;114;114
2023-12-07;WING24;0;128000,000;10;090036540;10;1;2023-12-07;107;107
2023-12-07;WING24;0;128000,000;2;090036540;20;1;2023-12-07;4090;3
2023-12-07;WING24;0;128000,000;15;090036540;30;1;2023-12-07;3701;3
2023-12-07;WING24;0;128000,000;10;090036540;40;1;2023-12-07;120;3
2023-12-07;WING24;0;128000,000;1;090036540;50;1;2023-12-07;93;3
2023-12-07;WING24;0;128000,000;11;090036540;60;1;2023-12-07;93;85
2023-12-07;WING24;0;128000,000;10;090036540;70;1;2023-12-07;93;3
2023-12-07;WING24;0;128000,000;1;090036540;80;1;2023-12-07;93;85
2023-12-07;WING24;0;128000,000;1;090036540;90;1;2023-12-07;93;85
2023-12-07;WING24;0;128000,000;1;090036540;100;1;2023-12-07;93;3
2023-12-07;WING24;0;128000,000;2;090036540;110;1;2023-12-07;3;3
2023-12-07;WING24;0;128000,000;5;090036943;120;1;2023-12-07;107;3
2023-12-07;WING24;0;128000,000;2;090040007;130;1;2023-12-07;3701;3
2023-12-07;WING24;0;128000,000;1;090040007;140;1;2023-12-07;3701;85
2023-12-07;WING24;0;128000,000;1;090040007;150;1;2023-12-07;3701;8
2023-12-07;DOLF24;0;4906,000;10;090041220;10;1;2023-12-07;88;308
2023-12-07;DOLF24;0;4906,000;5;090041220;20;1;2023-12-07;88;88
2023-12-07;DOLF24;0;4906,000;10;090041220;30;1;2023-12-07;88;93
2023-12-07;DOLF24;0;4906,000;10;090041220;40;1;2023-12-07;88;93
2023-12-07;DOLF24;0;4906,000;5;090041220;50;1;2023-12-07;88;93
2023-12-07;DOLF24;0;4906,000;5;090041220;60;1;2023-12-07;85;85
2023-12-07;DOLF24;0;4906,000;5;090041220;70;1;2023-12-07;72;85
2023-12-07;DOLF24;0;4906,000;20;090041220;80;1;2023-12-07;72;23
2023-12-07;DOLF24;0;4906,000;10;090041503;90;1;2023-12-07;93;23
2023-12-07;DOLF24;0;4906,000;20;090041503;100;1;2023-12-07;120;23
2023-12-07;DOLF24;0;4907,500;5;090041973;110;1;2023-12-07;93;1618
2023-12-07;DOLF24;0;4906,000;5;090042417;120;1;2023-12-07;120;3
2023-12-07;DOLF24;0;4906,000;5;090042417;130;1;2023-12-07;120;3
2023-12-07;DI1F29;0;10,530;3;090042930;10;1;2023-12-07;114;122
2023-12-07;DI1F29;0;10,530;1;090042930;20;1;2023-12-07;114;122
2023-12-07;DI1F29;0;10,530;1;090042930;30;1;2023-12-07;115;122
2023-12-07;DI1F29;0;10,530;3;090042930;40;1;2023-12-07;115;114
2023-12-07;DI1V24;0;10,565;6;090042953;10;1;2023-12-07;114;85
2023-12-07;DI1N24;0;10,910;2;090043033;30;1;2023-12-07;1618;120
2023-12-07;DOLF24;0;4908,000;5;090043330;140;1;2023-12-07;93;1618
2023-12-07;DOLF24;0;4908,000;5;090043330;150;1;2023-12-07;93;120
2023-12-07;DOLF24;0;4908,000;5;090043330;160;1;2023-12-07;93;1618
2023-12-07;DOLF24;0;4908,000;5;090043330;170;1;2023-12-07;93;1618
2023-12-07;DOLF24;0;4908,000;5;090043330;180;1;2023-12-07;93;120
2023-12-07;WDOF24;0;4907,000;6;090043373;10;1;2023-12-07;23;23
2023-12-07;WDOF24;0;4907,000;1;090043373;20;1;2023-12-07;4090;23
2023-12-07;WDOF24;0;4907,000;5;090043373;30;1;2023-12-07;90;23
2023-12-07;WDOF24;0;4907,000;1;090043373;40;1;2023-12-07;1982;23
2023-12-07;WDOF24;0;4907,000;1;090043373;50;1;2023-12-07;3;23
2023-12-07;WDOF24;0;4907,000;2;090043373;60;1;2023-12-07;3;23
2023-12-07;WDOF24;0;4907,000;200;090043373;70;1;2023-12-07;23;23
2023-12-07;WDOF24;0;4907,000;258;090043373;80;1;2023-12-07;114;23
2023-12-07;WDOF24;0;4907,000;3;090043373;90;1;2023-12-07;3;23
2023-12-07;WDOF24;0;4907,000;8;090043373;100;1;2023-12-07;85;23
2023-12-07;WDOF24;0;4907,000;1;090043373;110;1;2023-12-07;39;23
2023-12-07;WDOF24;0;4907,000;1;090043373;120;1;2023-12-07;85;23
2023-12-07;WDOF24;0;4907,000;1;090043373;130;1;2023-12-07;120;23
2023-12-07;WDOF24;0;4907,000;1;090043373;140;1;2023-12-07;85;23
2023-12-07;WDOF24;0;4907,000;1;090043373;150;1;2023-12-07;39;23
2023-12-07;WDOF24;0;4907,000;2;090043373;160;1;2023-12-07;39;23
2023-12-07;WDOF24;0;4907,000;1;090043373;170;1;2023-12-07;85;23
2023-12-07;WDOF24;0;4907,000;1;090043373;180;1;2023-12-07;3;23
2023-12-07;WDOF24;0;4907,000;1;090043373;190;1;2023-12-07;3;23
2023-12-07;WDOF24;0;4907,000;1;090043373;200;1;2023-12-07;3;23
2023-12-07;WDOF24;0;4907,000;1;090043373;210;1;2023-12-07;85;23
2023-12-07;WDOF24;0;4907,000;1;090043373;220;1;2023-12-07;88;23
2023-12-07;WDOF24;0;4907,000;3;090043373;230;1;2023-12-07;120;23
2023-12-07;WDOF24;0;4907,000;3;090043373;240;1;2023-12-07;120;23
2023-12-07;WDOF24;0;4907,000;3;090043373;250;1;2023-12-07;85;23
2023-12-07;WDOF24;0;4907,000;1;090043373;260;1;2023-12-07;1982;23
2023-12-07;WDOF24;0;4907,000;3;090043373;270;1;2023-12-07;1982;23
2023-12-07;WDOF24;0;4907,000;21;090043373;280;1;2023-12-07;3;23
2023-12-07;WDOF24;0;4907,000;1;090043373;290;1;2023-12-07;39;23
2023-12-07;WDOF24;0;4907,000;1;090043373;300;1;2023-12-07;308;23
2023-12-07;WDOF24;0;4907,000;100;090043373;310;1;2023-12-07;308;23
2023-12-07;WDOF24;0;4907,000;1;090043373;320;1;2023-12-07;308;23
2023-12-07;WDOF24;0;4907,000;3;090043373;330;1;2023-12-07;308;23
2023-12-07;WDOF24;0;4907,000;3;090043373;340;1;2023-12-07;308;23
2023-12-07;WDOF24;0;4907,000;14;090043373;350;1;2023-12-07;1982;23
2023-12-07;WDOF24;0;4907,000;1;090043373;360;1;2023-12-07;3;23
2023-12-07;WDOF24;0;4907,000;24;090043373;370;1;2023-12-07;120;23
2023-12-07;WDOF24;0;4907,000;2;090043373;380;1;2023-12-07;308;23
2023-12-07;WDOF24;0;4907,000;10;090043373;390;1;2023-12-07;3;23
2023-12-07;WDOF24;0;4907,000;5;090043373;400;1;2023-12-07;3;23
2023-12-07;WDOF24;0;4907,000;1;090043373;410;1;2023-12-07;308;23
2023-12-07;WDOF24;0;4907,000;2;090043373;420;1;2023-12-07;120;23
2023-12-07;WDOF24;0;4907,000;25;090043373;430;1;2023-12-07;85;23
2023-12-07;WDOF24;0;4907,000;1;090043373;440;1;2023-12-07;308;23
2023-12-07;WDOF24;0;4907,000;30;090043373;450;1;2023-12-07;1982;23
2023-12-07;WDOF24;0;4907,000;4;090043373;460;1;2023-12-07;308;23
2023-12-07;WDOF24;0;4907,000;1;090043373;470;1;2023-12-07;1982;23
2023-12-07;WDOF24;0;4907,000;2;090043373;480;1;2023-12-07;1982;23
2023-12-07;WDOF24;0;4907,000;4;090043373;490;1;2023-12-07;308;23
2023-12-07;WDOF24;0;4907,000;5;090043373;500;1;2023-12-07;4090;23
2023-12-07;WDOF24;0;4907,000;20;090043373;510;1;2023-12-07;3;23
2023-12-07;WDOF24;0;4907,000;1;090043373;520;1;2023-12-07;120;23
2023-12-07;WDOF24;0;4907,000;2;090043373;530;1;2023-12-07;85;23
2023-12-07;WDOF24;0;4907,000;3;090043373;540;1;2023-12-07;85;23
2023-12-07;WDOF24;0;4907,000;3;090043373;550;1;2023-12-07;1982;23
2023-12-07;WDOF24;0;4907,000;10;090043373;560;1;2023-12-07;4090;23
2023-12-07;WDOF24;0;4907,000;10;090043373;570;1;2023-12-07;3;23
2023-12-07;WDOF24;0;4907,000;1;090043373;580;1;2023-12-07;3701;23
2023-12-07;WDOF24;0;4907,000;1;090043373;590;1;2023-12-07;85;23
2023-12-07;WDOF24;0;4907,000;1;090043373;600;1;2023-12-07;120;23
2023-12-07;WDOF24;0;4907,000;2;090043373;610;1;2023-12-07;4090;23
2023-12-07;WDOF24;0;4907,000;2;090043373;620;1;2023-12-07;85;23
2023-12-07;WDOF24;0;4907,000;10;090043373;630;1;2023-12-07;3;23
2023-12-07;WDOF24;0;4907,000;2;090043373;640;1;2023-12-07;85;23
2023-12-07;WDOF24;0;4907,000;2;090043373;650;1;2023-12-07;3;23
2023-12-07;WDOF24;0;4907,000;2;090043373;660;1;2023-12-07;120;23
2023-12-07;WDOF24;0;4907,000;20;090043373;670;1;2023-12-07;308;23
2023-12-07;WDOF24;0;4907,000;1;090043373;680;1;2023-12-07;308;23
2023-12-07;WDOF24;0;4907,000;6;090043373;690;1;2023-12-07;93;23
2023-12-07;WDOF24;0;4907,000;4;090043373;700;1;2023-12-07;85;23
2023-12-07;WDOF24;0;4907,000;2;090043373;710;1;2023-12-07;120;23
2023-12-07;WDOF24;0;4907,000;5;090043373;720;1;2023-12-07;85;23
2023-12-07;WDOF24;0;4907,000;50;090043373;730;1;2023-12-07;3701;23
2023-12-07;WDOF24;0;4907,000;4;090043373;740;1;2023-12-07;120;23
2023-12-07;WDOF24;0;4907,000;2;090043373;750;1;2023-12-07;120;23
2023-12-07;WDOF24;0;4907,000;2;090043373;760;1;2023-12-07;120;23
2023-12-07;WDOF24;0;4907,000;5;090043373;770;1;2023-12-07;3;23
2023-12-07;WDOF24;0;4907,000;20;090043373;780;1;2023-12-07;3701;23
2023-12-07;WDOF24;0;4907,000;1;090043373;790;1;2023-12-07;3;23
2023-12-07;WDOF24;0;4907,000;4;090043373;800;1;2023-12-07;3;23
2023-12-07;WDOF24;0;4907,000;1;090043373;810;1;2023-12-07;120;23
2023-12-07;WDOF24;0;4907,000;10;090043373;820;1;2023-12-07;120;23
2023-12-07;WDOF24;0;4907,000;1;090043373;830;1;2023-12-07;308;23
2023-12-07;WDOF24;0;4907,000;2;090043373;840;1;2023-12-07;120;23
2023-12-07;WDOF24;0;4907,000;10;090043373;850;1;2023-12-07;120;23
2023-12-07;WDOF24;0;4907,000;5;090043373;860;1;2023-12-07;3;23
2023-12-07;WDOF24;0;4907,000;1;090043373;870;1;2023-12-07;4090;23
2023-12-07;WDOF24;0;4907,000;5;090043373;880;1;2023-12-07;1982;23
2023-12-07;WDOF24;0;4907,000;1;090043373;890;1;2023-12-07;4090;23
2023-12-07;WDOF24;0;4907,000;5;090043373;900;1;2023-12-07;85;23
2023-12-07;WDOF24;0;4907,000;40;090043373;910;1;2023-12-07;4090;23
2023-12-07;WDOF24;0;4907,000;3;090043373;920;1;2023-12-07;3;23
2023-12-07;WDOF24;0;4907,000;1;090043373;930;1;2023-12-07;39;23
2023-12-07;WDOF24;0;4907,000;2;090043373;940;1;2023-12-07;262;23
2023-12-07;WDOF24;0;4907,000;1;090043373;950;1;2023-12-07;85;23
2023-12-07;WDOF24;0;4907,000;1;090043373;960;1;2023-12-07;120;23
2023-12-07;WDOF24;0;4907,000;20;090043373;970;1;2023-12-07;4090;23
2023-12-07;WDOF24;0;4907,000;20;090043373;980;1;2023-12-07;308;23
2023-12-07;WDOF24;0;4907,000;1;090043373;990;1;2023-12-07;4090;23
2023-12-07;WDOF24;0;4907,000;1;090043373;1000;1;2023-12-07;308;23
2023-12-07;WDOF24;0;4907,000;1;090043373;1010;1;2023-12-07;308;23
2023-12-07;WDOF24;0;4907,000;2;090043373;1020;1;2023-12-07;120;23
2023-12-07;WDOF24;0;4907,000;10;090043373;1030;1;2023-12-07;4090;23
2023-12-07;WDOF24;0;4907,000;1;090043373;1040;1;2023-12-07;4090;23
2023-12-07;WDOF24;0;4907,000;10;090043373;1050;1;2023-12-07;3;23
2023-12-07;WDOF24;0;4907,000;10;090043373;1060;1;2023-12-07;3701;23
2023-12-07;WDOF24;0;4907,000;2;090043373;1070;1;2023-12-07;85;23
2023-12-07;WDOF24;0;4907,000;4;090043373;1080;1;2023-12-07;147;23
2023-12-07;WDOF24;0;4907,000;50;090043373;1090;1;2023-12-07;120;23
2023-12-07;WDOF24;0;4907,000;1;090043373;1100;1;2023-12-07;308;23
2023-12-07;WDOF24;0;4907,000;4;090043373;1110;1;2023-12-07;88;23
2023-12-07;WDOF24;0;4907,000;150;090043373;1120;1;2023-12-07;85;23
2023-12-07;WDOF24;0;4907,000;50;090043373;1130;1;2023-12-07;88;23
2023-12-07;WDOF24;0;4907,000;5;090043373;1140;1;2023-12-07;308;23
2023-12-07;WDOF24;0;4907,000;5;090043373;1150;1;2023-12-07;120;23
2023-12-07;WDOF24;0;4907,000;45;090043373;1160;1;2023-12-07;85;23
2023-12-07;WDOF24;0;4907,000;1;090043373;1170;1;2023-12-07;3;23
2023-12-07;WDOF24;0;4907,000;10;090043373;1180;1;2023-12-07;120;23
2023-12-07;WDOF24;0;4907,000;15;090043373;1190;1;2023-12-07;120;23
2023-12-07;WDOF24;0;4907,000;2;090043373;1200;1;2023-12-07;4090;23
2023-12-07;WDOF24;0;4907,000;4;090043373;1210;1;2023-12-07;120;23
2023-12-07;WDOF24;0;4907,000;3;090043373;1220;1;2023-12-07;4090;23
2023-12-07;WDOF24;0;4907,000;5;090043373;1230;1;2023-12-07;3;23
2023-12-07;WDOF24;0;4907,000;15;090043373;1240;1;2023-12-07;1982;23
2023-12-07;WDOF24;0;4907,000;1;090043373;1250;1;2023-12-07;1099;23
2023-12-07;WDOF24;0;4907,000;2;090043373;1260;1;2023-12-07;3;23
2023-12-07;WDOF24;0;4907,000;1;090043373;1270;1;2023-12-07;120;23
2023-12-07;WDOF24;0;4907,000;1;090043373;1280;1;2023-12-07;120;23
2023-12-07;WDOF24;0;4907,000;1;090043373;1290;1;2023-12-07;308;23
2023-12-07;WDOF24;0;4907,000;1;090043373;1300;1;2023-12-07;3;23
2023-12-07;WDOF24;0;4907,000;2;090043373;1310;1;2023-12-07;3;23
2023-12-07;WDOF24;0;4907,000;5;090043373;1320;1;2023-12-07;3;23
2023-12-07;WDOF24;0;4907,000;4;090043373;1330;1;2023-12-07;1982;23
2023-12-07;WDOF24;0;4907,000;22;090043373;1340;1;2023-12-07;85;23
2023-12-07;WDOF24;0;4907,000;1;090043373;1350;1;2023-12-07;1982;23
2023-12-07;WDOF24;0;4907,000;1;090043373;1360;1;2023-12-07;4090;23
2023-12-07;WDOF24;0;4907,000;2;090043373;1370;1;2023-12-07;85;23
2023-12-07;WDOF24;0;4907,000;1;090043373;1380;1;2023-12-07;308;23
2023-12-07;WDOF24;0;4907,000;1;090043373;1390;1;2023-12-07;4090;23
2023-12-07;WDOF24;0;4907,000;2;090043373;1400;1;2023-12-07;3;23
2023-12-07;WDOF24;0;4907,000;3;090043373;1410;1;2023-12-07;120;23
2023-12-07;WDOF24;0;4907,000;2;090043373;1420;1;2023-12-07;120;107
2023-12-07;WDOF24;0;4907,000;10;090043373;1430;1;2023-12-07;4090;107
2023-12-07;WDOF24;0;4907,000;5;090043373;1440;1;2023-12-07;4090;107
2023-12-07;WDOF24;0;4907,000;30;090043373;1450;1;2023-12-07;4090;3
2023-12-07;WDOF24;0;4907,000;215;090043373;1460;1;2023-12-07;4090;122
2023-12-07;WDOF24;0;4907,000;1;090043373;1470;1;2023-12-07;93;122
2023-12-07;WDOF24;0;4907,000;2;090043373;1480;1;2023-12-07;90;122
2023-12-07;WDOF24;0;4907,000;1;090043373;1490;1;2023-12-07;3;122
2023-12-07;WDOF24;0;4907,000;2;090043373;1500;1;2023-12-07;308;122
2023-12-07;WDOF24;0;4907,000;40;090043373;1510;1;2023-12-07;120;122
2023-12-07;WDOF24;0;4907,000;1;090043373;1520;1;2023-12-07;85;122
2023-12-07;WDOF24;0;4907,000;1;090043373;1530;1;2023-12-07;85;122
2023-12-07;WDOF24;0;4907,000;1;090043373;1540;1;2023-12-07;3;122
2023-12-07;WDOF24;0;4907,000;1;090043373;1550;1;2023-12-07;88;122
2023-12-07;WDOF24;0;4907,000;1;090043373;1560;1;2023-12-07;120;122
2023-12-07;WDOF24;0;4907,000;2;090043373;1570;1;2023-12-07;85;122
2023-12-07;WDOF24;0;4907,000;1;090043373;1580;1;2023-12-07;120;122
2023-12-07;WDOF24;0;4907,000;10;090043373;1590;1;2023-12-07;3;122
2023-12-07;WDOF24;0;4907,000;3;090043373;1600;1;2023-12-07;90;122
2023-12-07;WDOF24;0;4907,000;1;090043373;1610;1;2023-12-07;308;122
2023-12-07;WDOF24;0;4907,000;8;090043373;1620;1;2023-12-07;1982;122
2023-12-07;WDOF24;0;4907,000;1;090043373;1630;1;2023-12-07;4090;122
2023-12-07;WDOF24;0;4907,000;1;090043373;1640;1;2023-12-07;4090;122
2023-12-07;WDOF24;0;4907,000;1;090043373;1650;1;2023-12-07;120;122
2023-12-07;WDOF24;0;4907,000;1;090043373;1660;1;2023-12-07;120;122
2023-12-07;WDOF24;0;4907,000;5;090043373;1670;1;2023-12-07;85;122
2023-12-07;WDOF24;0;4907,000;10;090043373;1680;1;2023-12-07;85;122
2023-12-07;WDOF24;0;4907,000;3;090043373;1690;1;2023-12-07;3;122
2023-12-07;WDOF24;0;4907,000;20;090043373;1700;1;2023-12-07;120;122
2023-12-07;WDOF24;0;4907,000;1;090043373;1710;1;2023-12-07;85;122
2023-12-07;WDOF24;0;4907,000;1;090043373;1720;1;2023-12-07;85;122
2023-12-07;WDOF24;0;4907,000;1;090043373;1730;1;2023-12-07;120;122
2023-12-07;WDOF24;0;4907,000;1;090043373;1740;1;2023-12-07;85;122
2023-12-07;WDOF24;0;4907,000;1;090043373;1750;1;2023-12-07;85;122
2023-12-07;WDOF24;0;4907,000;1;090043373;1760;1;2023-12-07;4090;122
2023-12-07;WDOF24;0;4907,000;2;090043373;1770;1;2023-12-07;3;122
2023-12-07;WDOF24;0;4907,000;3;090043373;1780;1;2023-12-07;85;122
2023-12-07;WDOF24;0;4907,000;5;090043373;1790;1;2023-12-07;4090;122
2023-12-07;WDOF24;0;4907,000;100;090043373;1800;1;2023-12-07;3701;122
2023-12-07;WDOF24;0;4907,000;13;090043373;1810;1;2023-12-07;3;122
2023-12-07;WDOF24;0;4907,000;2;090043373;1820;1;2023-12-07;88;122
2023-12-07;WDOF24;0;4907,000;3;090043373;1830;1;2023-12-07;3;122
2023-12-07;WDOF24;0;4907,000;2;090043373;1840;1;2023-12-07;120;122
2023-12-07;WDOF24;0;4907,000;10;090043373;1850;1;2023-12-07;85;122
2023-12-07;WDOF24;0;4907,000;1;090043373;1860;1;2023-12-07;4090;122
2023-12-07;WDOF24;0;4907,000;2;090043373;1870;1;2023-12-07;3;122
2023-12-07;WDOF24;0;4907,000;1;090043373;1880;1;2023-12-07;120;122
2023-12-07;WDOF24;0;4907,000;10;090043373;1890;1;2023-12-07;85;122
2023-12-07;WDOF24;0;4907,000;1;090043373;1900;1;2023-12-07;120;122
2023-12-07;WDOF24;0;4907,000;1;090043373;1910;1;2023-12-07;4090;122
2023-12-07;WDOF24;0;4907,000;10;090043373;1920;1;2023-12-07;85;122
2023-12-07;WDOF24;0;4907,000;19;090043373;1930;1;2023-12-07;120;122
2023-12-07;WDOF24;0;4907,000;1;090043373;1940;1;2023-12-07;120;122
2023-12-07;WDOF24;0;4907,000;5;090043373;1950;1;2023-12-07;3;122
2023-12-07;WDOF24;0;4907,000;5;090043373;1960;1;2023-12-07;3;122
2023-12-07;WDOF24;0;4907,000;1;090043373;1970;1;2023-12-07;120;122
2023-12-07;WDOF24;0;4907,000;1;090043373;1980;1;2023-12-07;4090;122
2023-12-07;WDOF24;0;4907,000;182;090043373;1990;1;2023-12-07;85;122
2023-12-07;WDOF24;0;4907,000;100;090043373;2000;1;2023-12-07;85;127
2023-12-07;WDOF24;0;4907,000;5;090043373;2010;1;2023-12-07;85;3
2023-12-07;WDOF24;0;4907,000;5;090043373;2020;1;2023-12-07;85;3
2023-12-07;WDOF24;0;4907,000;5;090043373;2030;1;2023-12-07;85;1099
2023-12-07;WDOF24;0;4907,000;3;090043373;2040;1;2023-12-07;85;308
2023-12-07;WDOF24;0;4907,000;1;090043373;2050;1;2023-12-07;3;308
2023-12-07;WDOF24;0;4907,000;1;090043373;2060;1;2023-12-07;4090;308
2023-12-07;WDOF24;0;4907,000;1;090043373;2070;1;2023-12-07;120;308
2023-12-07;WDOF24;0;4907,000;1;090043373;2080;1;2023-12-07;85;308
2023-12-07;WDOF24;0;4907,000;3;090043373;2090;1;2023-12-07;120;308
2023-12-07;WDOF24;0;4907,000;3;090043373;2100;1;2023-12-07;120;262
2023-12-07;WDOF24;0;4907,000;1;090043373;2110;1;2023-12-07;120;4090
2023-12-07;WDOF24;0;4907,000;1;090043373;2120;1;2023-12-07;120;85
2023-12-07;WDOF24;0;4907,000;1;090043373;2130;1;2023-12-07;120;120
2023-12-07;WDOF24;0;4907,000;1;090043373;2140;1;2023-12-07;120;308
2023-12-07;WDOF24;0;4907,000;1;090043373;2150;1;2023-12-07;120;88
2023-12-07;WDOF24;0;4907,000;1;090043373;2160;1;2023-12-07;120;4090
2023-12-07;WDOF24;0;4907,000;1;090043373;2170;1;2023-12-07;3;4090
2023-12-07;WDOF24;0;4907,000;1;090043373;2180;1;2023-12-07;3;4090
2023-12-07;WDOF24;0;4907,000;1;090043373;2190;1;2023-12-07;3;85
2023-12-07;WDOF24;0;4907,000;1;090043373;2200;1;2023-12-07;3;1982
2023-12-07;WDOF24;0;4907,000;1;090043373;2210;1;2023-12-07;3;308
2023-12-07;WDOF24;0;4907,000;1;090043373;2220;1;2023-12-07;3;1982
2023-12-07;WDOF24;0;4907,000;1;090043373;2230;1;2023-12-07;3;3
2023-12-07;WDOF24;0;4907,000;1;090043373;2240;1;2023-12-07;3;4090
2023-12-07;WDOF24;0;4907,000;2;090043373;2250;1;2023-12-07;3;85
2023-12-07;WDOF24;0;4907,000;4;090043373;2260;1;2023-12-07;3;85
2023-12-07;WDOF24;0;4907,000;2;090043373;2270;1;2023-12-07;3;3
2023-12-07;WDOF24;0;4907,000;50;090043373;2280;1;2023-12-07;3;3
2023-12-07;WDOF24;0;4907,000;3;090043373;2290;1;2023-12-07;85;3
2023-12-07;WDOF24;0;4907,000;1;090043373;2300;1;2023-12-07;85;3
2023-12-07;WDOF24;0;4907,000;2;090043373;2310;1;2023-12-07;3;3
2023-12-07;WDOF24;0;4907,000;2;090043373;2320;1;2023-12-07;85;3
2023-12-07;WDOF24;0;4907,000;5;090043373;2330;1;2023-12-07;3;3
2023-12-07;WDOF24;0;4907,000;2;090043373;2340;1;2023-12-07;308;3
2023-12-07;WDOF24;0;4907,000;1;090043373;2350;1;2023-12-07;3;3
2023-12-07;WDOF24;0;4907,000;1;090043373;2360;1;2023-12-07;120;3
2023-12-07;WDOF24;0;4907,000;1;090043373;2370;1;2023-12-07;120;3
2023-12-07;WDOF24;0;4907,000;1;090043373;2380;1;2023-12-07;120;3
2023-12-07;WDOF24;0;4907,000;1;090043373;2390;1;2023-12-07;120;85
2023-12-07;WDOF24;0;4907,000;3;090043373;2400;1;2023-12-07;120;4090
2023-12-07;WDOF24;0;4907,000;2;090043373;2410;1;2023-12-07;120;147
2023-12-07;WDOF24;0;4907,000;1;090043373;2420;1;2023-12-07;120;120
2023-12-07;WDOF24;0;4907,000;1;090043373;2430;1;2023-12-07;120;85
2023-12-07;WDOF24;0;4907,000;10;090043373;2440;1;2023-12-07;120;147
2023-12-07;WDOF24;0;4907,000;1;090043373;2450;1;2023-12-07;85;147
2023-12-07;WDOF24;0;4907,000;4;090043373;2460;1;2023-12-07;120;147
2023-12-07;WDOF24;0;4907,000;5;090043373;2470;1;2023-12-07;3;147
2023-12-07;WDOF24;0;4907,000;15;090043373;2480;1;2023-12-07;120;147
2023-12-07;WDOF24;0;4907,000;2;090043373;2490;1;2023-12-07;308;147
2023-12-07;WDOF24;0;4907,000;1;090043373;2500;1;2023-12-07;85;147
2023-12-07;WDOF24;0;4907,000;1;090043373;2510;1;2023-12-07;85;147
2023-12-07;WDOF24;0;4907,000;5;090043373;2520;1;2023-12-07;85;147
2023-12-07;WDOF24;0;4907,000;1;090043373;2530;1;2023-12-07;3;147
2023-12-07;WDOF24;0;4907,000;1;090043373;2540;1;2023-12-07;120;147
2023-12-07;WDOF24;0;4907,000;5;090043373;2550;1;2023-12-07;308;147
2023-12-07;WDOF24;0;4907,000;1;090043373;2560;1;2023-12-07;120;147
2023-12-07;WDOF24;0;4907,000;1;090043373;2570;1;2023-12-07;85;147
2023-12-07;WDOF24;0;4907,000;30;090043373;2580;1;2023-12-07;4090;147
2023-12-07;WDOF24;0;4907,000;7;090043373;2590;1;2023-12-07;120;147
2023-12-07;WDOF24;0;4907,000;1;090043373;2600;1;2023-12-07;120;4090
2023-12-07;WDOF24;0;4907,000;2;090043373;2610;1;2023-12-07;262;120
2023-12-07;WDOF24;0;4907,000;3;090043373;2620;1;2023-12-07;85;120
2023-12-07;WDOF24;0;4907,000;1;090043373;2630;1;2023-12-07;120;120
2023-12-07;WDOF24;0;4907,000;4;090043373;2640;1;2023-12-07;85;120
2023-12-07;WDOF24;0;4907,000;1;090043373;2650;1;2023-12-07;85;120
2023-12-07;WDOF24;0;4907,000;2;090043373;2660;1;2023-12-07;85;1099
2023-12-07;WDOF24;0;4907,000;3;090043373;2670;1;2023-12-07;85;4090
2023-12-07;WDOF24;0;4907,000;1;090043373;2680;1;2023-12-07;85;4090
2023-12-07;WDOF24;0;4907,000;1;090043373;2690;1;2023-12-07;308;4090
2023-12-07;WDOF24;0;4907,000;1;090043373;2700;1;2023-12-07;120;1982
2023-12-07;WDOF24;0;4907,000;4;090043373;2710;1;2023-12-07;120;120
2023-12-07;WDOF24;0;4907,000;1;090043373;2720;1;2023-12-07;1982;120
2023-12-07;WDOF24;0;4907,000;1;090043373;2730;1;2023-12-07;1982;4090
2023-12-07;WDOF24;0;4907,000;1;090043373;2740;1;2023-12-07;85;4090
2023-12-07;WDOF24;0;4907,000;2;090043373;2750;1;2023-12-07;85;1982
2023-12-07;WDOF24;0;4907,000;7;090043373;2760;1;2023-12-07;85;120
2023-12-07;WDOF24;0;4907,000;1;090043373;2770;1;2023-12-07;4090;120
2023-12-07;WDOF24;0;4907,000;2;090043373;2780;1;2023-12-07;4090;120
2023-12-07;WDOF24;0;4907,000;2;090043373;2790;1;2023-12-07;4090;3
2023-12-07;WDOF24;0;4907,000;1;090043373;2800;1;2023-12-07;3;308
2023-12-07;WDOF24;0;4907,000;2;090043373;2810;1;2023-12-07;3;308
2023-12-07;WDOF24;0;4907,000;2;090043373;2820;1;2023-12-07;3;308
2023-12-07;WDOF24;0;4907,000;1;090043373;2830;1;2023-12-07;3;308
2023-12-07;WDOF24;0;4907,000;3;090043373;2840;1;2023-12-07;85;308
2023-12-07;WDOF24;0;4907,000;1;090043373;2850;1;2023-12-07;308;308
2023-12-07;WDOF24;0;4907,000;9;090043373;2860;1;2023-12-07;85;308
2023-12-07;WDOF24;0;4907,000;2;090043373;2870;1;2023-12-07;85;3
2023-12-07;WDOF24;0;4907,000;2;090043373;2880;1;2023-12-07;85;120
2023-12-07;WDOF24;0;4907,000;2;090043373;2890;1;2023-12-07;85;85
2023-12-07;WDOF24;0;4907,000;150;090043373;2900;1;2023-12-07;120;85
2023-12-07;WDOF24;0;4907,000;3;090043373;2910;1;2023-12-07;120;85
2023-12-07;WDOF24;0;4907,000;1;090043373;2920;1;2023-12-07;308;85
2023-12-07;WDOF24;0;4907,000;4;090043373;2930;1;2023-12-07;120;85
2023-12-07;WDOF24;0;4907,000;2;090043373;2940;1;2023-12-07;120;4090
2023-12-07;WDOF24;0;4907,000;1;090043373;2950;1;2023-12-07;120;85
2023-12-07;WDOF24;0;4907,000;2;090043373;2960;1;2023-12-07;120;3
2023-12-07;WDOF24;0;4907,000;4;090043373;2970;1;2023-12-07;120;85
2023-12-07;WDOF24;0;4907,000;5;090043373;2980;1;2023-12-07;120;308
2023-12-07;WDOF24;0;4907,000;1;090043373;2990;1;2023-12-07;120;4090
2023-12-07;WDOF24;0;4907,000;1;090043373;3000;1;2023-12-07;120;4090
2023-12-07;WDOF24;0;4907,000;9;090043373;3010;1;2023-12-07;85;4090
2023-12-07;WDOF24;0;4907,000;1;090043373;3020;1;2023-12-07;85;85
2023-12-07;WDOF24;0;4907,000;14;090043373;3030;1;2023-12-07;3701;85
2023-12-07;WDOF24;0;4907,000;1;090043373;3040;1;2023-12-07;3701;308
2023-12-07;WDOF24;0;4907,000;15;090043373;3050;1;2023-12-07;3701;147
2023-12-07;WDOF24;0;4907,000;2;090043373;3060;1;2023-12-07;85;147
2023-12-07;WDOF24;0;4907,000;2;090043373;3070;1;2023-12-07;3;147
2023-12-07;WDOF24;0;4907,000;2;090043373;3080;1;2023-12-07;308;147
2023-12-07;WDOF24;0;4907,000;1;090043373;3090;1;2023-12-07;3;147
2023-12-07;WDOF24;0;4907,000;8;090043373;3100;1;2023-12-07;4090;147
2023-12-07;WDOF24;0;4907,000;1;090043373;3110;1;2023-12-07;4090;4090
2023-12-07;WDOF24;0;4907,000;1;090043373;3120;1;2023-12-07;4090;3
2023-12-07;WDOF24;0;4907,000;1;090043373;3130;1;2023-12-07;120;3
2023-12-07;WDOF24;0;4907,000;1;090043373;3140;1;2023-12-07;1982;3
2023-12-07;WDOF24;0;4907,000;7;090043373;3150;1;2023-12-07;3;3
2023-12-07;WDOF24;0;4907,000;8;090043373;3160;1;2023-12-07;3;4090
2023-12-07;WDOF24;0;4907,000;1;090043373;3170;1;2023-12-07;3;308
2023-12-07;WDOF24;0;4907,000;12;090043373;3180;1;2023-12-07;3;3
2023-12-07;WDOF24;0;4907,000;15;090043373;3190;1;2023-12-07;3;3
2023-12-07;WDOF24;0;4907,000;5;090043373;3200;1;2023-12-07;85;3
2023-12-07;WDOF24;0;4907,000;1;090043373;3210;1;2023-12-07;85;3
2023-12-07;WDOF24;0;4907,000;79;090043373;3220;1;2023-12-07;88;3
2023-12-07;WDOF24;0;4907,000;2;090043373;3230;1;2023-12-07;88;93
2023-12-07;WDOF24;0;4907,000;1;090043373;3240;1;2023-12-07;88;120
2023-12-07;WDOF24;0;4907,000;6;090043373;3250;1;2023-12-07;88;85
2023-12-07;WDOF24;0;4907,000;2;090043373;3260;1;2023-12-07;88;3
2023-12-07;WDOF24;0;4907,000;1;090043373;3270;1;2023-12-07;88;4090
2023-12-07;WDOF24;0;4907,000;9;090043373;3280;1;2023-12-07;88;3
2023-12-07;WDOF24;0;4907,000;2;090043373;3290;1;2023-12-07;85;3
2023-12-07;WDOF24;0;4907,000;4;090043373;3300;1;2023-12-07;120;3
2023-12-07;WDOF24;0;4907,000;2;090043373;3310;1;2023-12-07;120;308
2023-12-07;WDOF24;0;4907,000;3;090043373;3320;1;2023-12-07;120;120
2023-12-07;WDOF24;0;4907,000;30;090043373;3330;1;2023-12-07;120;16
2023-12-07;WDOF24;0;4907,000;3;090043373;3340;1;2023-12-07;3;16
2023-12-07;WDOF24;0;4907,000;1;090043373;3350;1;2023-12-07;120;16
2023-12-07;WDOF24;0;4907,000;1;090043373;3360;1;2023-12-07;4090;16
2023-12-07;WDOF24;0;4907,000;35;090043373;3370;1;2023-12-07;85;16
2023-12-07;WDOF24;0;4907,000;31;090043373;3380;1;2023-12-07;85;8
2023-12-07;WDOF24;0;4907,000;34;090043373;3390;1;2023-12-07;85;8
2023-12-07;WDOF24;0;4907,000;2;090043373;3400;1;2023-12-07;85;8
2023-12-07;WDOF24;0;4907,000;1;090043373;3410;1;2023-12-07;308;8
2023-12-07;WDOF24;0;4907,000;1;090043373;3420;1;2023-12-07;308;8
2023-12-07;WDOF24;0;4907,000;5;090043373;3430;1;2023-12-07;308;8
2023-12-07;WDOF24;0;4907,000;1;090043373;3440;1;2023-12-07;85;8
2023-12-07;WDOF24;0;4907,000;5;090043373;3450;1;2023-12-07;93;8
2023-12-07;WDOF24;0;4907,000;21;090043373;3460;1;2023-12-07;3;8
2023-12-07;WDOF24;0;4907,000;1;090043373;3470;1;2023-12-07;3;4090
2023-12-07;WDOF24;0;4907,000;1;090043373;3480;1;2023-12-07;3;4090
2023-12-07;WDOF24;0;4907,000;3;090043373;3490;1;2023-12-07;3;3
2023-12-07;WDOF24;0;4907,000;2;090043373;3500;1;2023-12-07;3;4090
2023-12-07;WDOF24;0;4907,000;6;090043373;3510;1;2023-12-07;3;3
2023-12-07;WDOF24;0;4907,000;1;090043373;3520;1;2023-12-07;3;3
2023-12-07;WDOF24;0;4907,000;5;090043373;3530;1;2023-12-07;3;85
2023-12-07;WDOF24;0;4907,000;2;090043373;3540;1;2023-12-07;3;3
2023-12-07;WDOF24;0;4907,000;1;090043373;3550;1;2023-12-07;3;308
2023-12-07;WDOF24;0;4907,000;1;090043373;3560;1;2023-12-07;3;308
2023-12-07;WDOF24;0;4907,000;15;090043373;3570;1;2023-12-07;3;93
2023-12-07;WDOF24;0;4907,000;3;090043373;3580;1;2023-12-07;3;85
2023-12-07;WDOF24;0;4907,000;1;090043373;3590;1;2023-12-07;3;120
2023-12-07;WDOF24;0;4907,000;10;090043373;3600;1;2023-12-07;3;85
2023-12-07;WDOF24;0;4907,000;10;090043373;3610;1;2023-12-07;3;3
2023-12-07;WDOF24;0;4907,000;2;090043373;3620;1;2023-12-07;3;308
2023-12-07;WDOF24;0;4907,000;1;090043373;3630;1;2023-12-07;3;85
2023-12-07;WDOF24;0;4907,000;5;090043373;3640;1;2023-12-07;3;88
2023-12-07;WDOF24;0;4907,000;1;090043373;3650;1;2023-12-07;3;85
2023-12-07;WDOF24;0;4907,000;1;090043373;3660;1;2023-12-07;3;3
2023-12-07;WDOF24;0;4907,000;2;090043373;3670;1;2023-12-07;3;88
2023-12-07;WDOF24;0;4907,000;2;090043373;3680;1;2023-12-07;3;3
2023-12-07;WDOF24;0;4907,000;6;090043373;3690;1;2023-12-07;3;120
2023-12-07;WDOF24;0;4907,000;1;090043373;3700;1;2023-12-07;3;3
2023-12-07;WDOF24;0;4907,000;3;090043373;3710;1;2023-12-07;3;1982
2023-12-07;WDOF24;0;4907,000;1;090043373;3720;1;2023-12-07;3;1982
2023-12-07;WDOF24;0;4907,000;5;090043373;3730;1;2023-12-07;3;3
2023-12-07;WDOF24;0;4907,000;37;090043373;3740;1;2023-12-07;3;3
2023-12-07;WDOF24;0;4907,000;1;090043373;3750;1;2023-12-07;3;3
2023-12-07;WDOF24;0;4907,000;5;090043373;3760;1;2023-12-07;93;3
2023-12-07;WDOF24;0;4907,000;7;090043373;3770;1;2023-12-07;3;3
2023-12-07;WDOF24;0;4907,000;13;090043373;3780;1;2023-12-07;3;3
2023-12-07;WDOF24;0;4907,000;1;090043373;3790;1;2023-12-07;120;3
2023-12-07;WDOF24;0;4907,000;5;090043373;3800;1;2023-12-07;308;3
2023-12-07;WDOF24;0;4907,000;2;090043373;3810;1;2023-12-07;3;85
2023-12-07;WDOF24;0;4907,000;2;090043373;3820;1;2023-12-07;115;85
2023-12-07;WDOF24;0;4907,000;1;090043373;3830;1;2023-12-07;115;1982
2023-12-07;WDOF24;0;4907,000;25;090043373;3840;1;2023-12-07;115;120
2023-12-07;WDOF24;0;4907,000;1;090043373;3850;1;2023-12-07;115;3
2023-12-07;WDOF24;0;4907,000;1;090043373;3860;1;2023-12-07;115;308
2023-12-07;WDOF24;0;4907,000;25;090043373;3870;1;2023-12-07;115;308
2023-12-07;WDOF24;0;4907,000;20;090043373;3880;1;2023-12-07;115;122
2023-12-07;WDOF24;0;4907,000;10;090043373;3890;1;2023-12-07;120;122
2023-12-07;WDOF24;0;4907,000;8;090043373;3900;1;2023-12-07;3;122
2023-12-07;WDOF24;0;4907,000;1;090043373;3910;1;2023-12-07;3;122
2023-12-07;WDOF24;0;4907,000;1;090043373;3920;1;2023-12-07;120;122
2023-12-07;WDOF24;0;4907,000;2;090043373;3930;1;2023-12-07;308;122
2023-12-07;WDOF24;0;4907,000;1;090043373;3940;1;2023-12-07;120;122
2023-12-07;WDOF24;0;4907,000;10;090043373;3950;1;2023-12-07;85;122
2023-12-07;WDOF24;0;4907,000;8;090043373;3960;1;2023-12-07;85;122
2023-12-07;WDOF24;0;4907,000;5;090043373;3970;1;2023-12-07;3;122
2023-12-07;WDOF24;0;4907,000;1;090043373;3980;1;2023-12-07;3;122
2023-12-07;WDOF24;0;4907,000;10;090043373;3990;1;2023-12-07;4090;122
2023-12-07;WDOF24;0;4907,000;1;090043373;4000;1;2023-12-07;85;122
2023-12-07;WDOF24;0;4907,000;12;090043373;4010;1;2023-12-07;308;122
2023-12-07;WDOF24;0;4907,000;1;090043373;4020;1;2023-12-07;308;122
2023-12-07;WDOF24;0;4907,000;2;090043373;4030;1;2023-12-07;3;122
2023-12-07;WDOF24;0;4907,000;2;090043373;4040;1;2023-12-07;85;122
2023-12-07;WDOF24;0;4907,000;5;090043373;4050;1;2023-12-07;120;122
2023-12-07;WDOF24;0;4907,000;5;090043373;4060;1;2023-12-07;85;122
2023-12-07;WDOF24;0;4907,000;10;090043373;4070;1;2023-12-07;3;122
2023-12-07;WDOF24;0;4907,000;1;090043373;4080;1;2023-12-07;120;122
2023-12-07;WDOF24;0;4907,000;15;090043373;4090;1;2023-12-07;120;122
2023-12-07;WDOF24;0;4907,000;10;090043373;4100;1;2023-12-07;4090;122
2023-12-07;WDOF24;0;4907,000;2;090043373;4110;1;2023-12-07;3;122
2023-12-07;WDOF24;0;4907,000;1;090043373;4120;1;2023-12-07;4090;122
2023-12-07;WDOF24;0;4907,000;6;090043373;4130;1;2023-12-07;85;122
2023-12-07;WDOF24;0;4907,000;3;090043373;4140;1;2023-12-07;3;122
2023-12-07;WDOF24;0;4907,000;2;090043373;4150;1;2023-12-07;3;122
2023-12-07;WDOF24;0;4907,000;1;090043373;4160;1;2023-12-07;3;122
2023-12-07;WDOF24;0;4907,000;1;090043373;4170;1;2023-12-07;4090;122
2023-12-07;WDOF24;0;4907,000;1;090043373;4180;1;2023-12-07;3;122
2023-12-07;WDOF24;0;4907,000;20;090043373;4190;1;2023-12-07;3;122
2023-12-07;WDOF24;0;4907,000;1;090043373;4200;1;2023-12-07;4090;122
2023-12-07;WDOF24;0;4907,000;1;090043373;4210;1;2023-12-07;3;122
2023-12-07;WDOF24;0;4907,000;1;090043373;4220;1;2023-12-07;3;122
2023-12-07;WDOF24;0;4907,000;1;090043373;4230;1;2023-12-07;4090;122
2023-12-07;WDOF24;0;4907,000;1;090043373;4240;1;2023-12-07;4090;122
2023-12-07;WDOF24;0;4907,000;2;090043377;4250;1;2023-12-07;85;122
2023-12-07;WDOF24;0;4907,000;5;090043377;4260;1;2023-12-07;3;122
2023-12-07;WDOF24;0;4907,000;12;090043377;4270;1;2023-12-07;85;122
2023-12-07;WDOF24;0;4907,000;10;090043377;4280;1;2023-12-07;308;122
2023-12-07;WDOF24;0;4907,000;15;090043377;4290;1;2023-12-07;85;122
2023-12-07;WDOF24;0;4907,000;2;090043377;4300;1;2023-12-07;85;122
2023-12-07;WDOF24;0;4907,000;2;090043377;4310;1;2023-12-07;3;122
2023-12-07;WDOF24;0;4907,000;1;090043377;4320;1;2023-12-07;308;122
2023-12-07;WDOF24;0;4907,000;4;090043377;4330;1;2023-12-07;88;122
2023-12-07;WDOF24;0;4907,000;1;090043377;4340;1;2023-12-07;85;122
2023-12-07;WDOF24;0;4907,000;1;090043377;4350;1;2023-12-07;120;122
2023-12-07;WDOF24;0;4907,000;15;090043377;4360;1;2023-12-07;120;122
2023-12-07;WDOF24;0;4907,000;10;090043377;4370;1;2023-12-07;120;122
2023-12-07;WDOF24;0;4907,000;1;090043377;4380;1;2023-12-07;93;122
2023-12-07;WDOF24;0;4907,000;1;090043377;4390;1;2023-12-07;1982;122
2023-12-07;WDOF24;0;4907,000;1;090043377;4400;1;2023-12-07;15;122
2023-12-07;WDOF24;0;4907,000;25;090043377;4410;1;2023-12-07;120;122
2023-12-07;WDOF24;0;4907,000;1;090043377;4420;1;2023-12-07;308;122
2023-12-07;WDOF24;0;4907,000;2;090043377;4430;1;2023-12-07;85;122
2023-12-07;WDOF24;0;4907,000;1;090043377;4440;1;2023-12-07;120;122
2023-12-07;WDOF24;0;4907,000;2;090043377;4450;1;2023-12-07;4090;122
2023-12-07;WDOF24;0;4907,000;2;090043377;4460;1;2023-12-07;88;122
2023-12-07;WDOF24;0;4907,000;15;090043377;4470;1;2023-12-07;3;122
2023-12-07;WDOF24;0;4907,000;16;090043377;4480;1;2023-12-07;3;122
2023-12-07;WDOF24;0;4907,000;1;090043377;4490;1;2023-12-07;3;122
2023-12-07;WDOF24;0;4907,000;3;090043377;4500;1;2023-12-07;88;122
2023-12-07;WDOF24;0;4907,000;1;090043377;4510;1;2023-12-07;4090;122
2023-12-07;WDOF24;0;4907,000;2;090043377;4520;1;2023-12-07;1982;122
2023-12-07;WDOF24;0;4907,000;1;090043377;4530;1;2023-12-07;120;122
2023-12-07;WDOF24;0;4907,000;1;090043377;4540;1;2023-12-07;85;122
2023-12-07;WDOF24;0;4907,000;1;090043377;4550;1;2023-12-07;3;122
2023-12-07;WDOF24;0;4907,000;1;090043377;4560;1;2023-12-07;3;122
2023-12-07;WDOF24;0;4907,000;3;090043377;4570;1;2023-12-07;85;122
2023-12-07;WDOF24;0;4907,000;5;090043377;4580;1;2023-12-07;147;122
2023-12-07;WDOF24;0;4907,000;1;090043377;4590;1;2023-12-07;3;122
2023-12-07;WDOF24;0;4907,000;3;090043377;4600;1;2023-12-07;3;122
2023-12-07;WDOF24;0;4907,000;50;090043377;4610;1;2023-12-07;90;122
2023-12-07;WDOF24;0;4907,000;5;090043377;4620;1;2023-12-07;93;122
2023-12-07;WDOF24;0;4907,000;1;090043377;4630;1;2023-12-07;3;122
2023-12-07;WDOF24;0;4907,000;1;090043377;4640;1;2023-12-07;120;122
2023-12-07;WDOF24;0;4907,000;1;090043377;4650;1;2023-12-07;120;122
2023-12-07;WDOF24;0;4907,000;5;090043377;4660;1;2023-12-07;93;122
2023-12-07;WDOF24;0;4907,000;30;090043377;4670;1;2023-12-07;3;122
2023-12-07;WDOF24;0;4907,000;2;090043377;4680;1;2023-12-07;83;122
2023-12-07;WDOF24;0;4907,000;5;090043377;4690;1;2023-12-07;93;122
2023-12-07;WDOF24;0;4907,000;1;090043377;4700;1;2023-12-07;85;122
2023-12-07;WDOF24;0;4907,000;1;090043377;4710;1;2023-12-07;3;122
2023-12-07;WDOF24;0;4907,000;2;090043377;4720;1;2023-12-07;93;122
2023-12-07;WDOF24;0;4907,000;1;090043377;4730;1;2023-12-07;3;122
2023-12-07;WDOF24;0;4907,000;2;090043377;4740;1;2023-12-07;93;122
2023-12-07;WDOF24;0;4907,000;1;090043377;4750;1;2023-12-07;93;122
2023-12-07;WDOF24;0;4907,000;1;090043377;4760;1;2023-12-07;3;122
2023-12-07;WDOF24;0;4907,000;1;090043377;4770;1;2023-12-07;85;122
2023-12-07;WDOF24;0;4907,000;2;090043377;4780;1;2023-12-07;85;122
2023-12-07;WDOF24;0;4907,000;2;090043377;4790;1;2023-12-07;93;122
2023-12-07;WDOF24;0;4907,000;8;090043377;4800;1;2023-12-07;93;122
2023-12-07;WDOF24;0;4907,000;2;090043377;4810;1;2023-12-07;93;122
2023-12-07;WDOF24;0;4907,000;1;090043377;4820;1;2023-12-07;3;122
2023-12-07;WDOF24;0;4907,000;1;090043377;4830;1;2023-12-07;3;122
2023-12-07;WDOF24;0;4907,000;21;090043377;4840;1;2023-12-07;93;122
2023-12-07;WDOF24;0;4907,000;4;090043377;4850;1;2023-12-07;93;308
2023-12-07;WDOF24;0;4907,000;1;090043377;4860;1;2023-12-07;93;308
2023-12-07;WDOF24;0;4907,000;5;090043377;4870;1;2023-12-07;93;85
2023-12-07;WDOF24;0;4907,000;2;090043377;4880;1;2023-12-07;93;4090
2023-12-07;WDOF24;0;4907,000;3;090043377;4890;1;2023-12-07;93;308
2023-12-07;WDOF24;0;4907,000;1;090043377;4900;1;2023-12-07;308;308
2023-12-07;WDOF24;0;4907,000;1;090043377;4910;1;2023-12-07;3;308
2023-12-07;WDOF24;0;4907,000;1;090043377;4920;1;2023-12-07;120;308
2023-12-07;WDOF24;0;4907,000;4;090043377;4930;1;2023-12-07;4090;308
2023-12-07;WDOF24;0;4907,000;2;090043377;4940;1;2023-12-07;4090;308
2023-12-07;WDOF24;0;4907,000;1;090043377;4950;1;2023-12-07;4090;308
2023-12-07;WDOF24;0;4907,000;1;090043377;4960;1;2023-12-07;4090;3
2023-12-07;WDOF24;0;4907,000;1;090043377;4970;1;2023-12-07;4090;308
2023-12-07;WDOF24;0;4907,000;1;090043377;4980;1;2023-12-07;4090;107
2023-12-07;WDOF24;0;4907,000;1;090043377;4990;1;2023-12-07;4090;107
2023-12-07;WDOF24;0;4907,000;1;090043377;5000;1;2023-12-07;1982;107
2023-12-07;WDOF24;0;4907,000;1;090043377;5010;1;2023-12-07;308;107
2023-12-07;WDOF24;0;4907,000;5;090043377;5020;1;2023-12-07;15;107
2023-12-07;WDOF24;0;4907,000;1;090043377;5030;1;2023-12-07;1982;107
2023-12-07;WDOF24;0;4907,000;15;090043377;5040;1;2023-12-07;93;107
2023-12-07;WDOF24;0;4907,000;3;090043377;5050;1;2023-12-07;93;3
2023-12-07;WDOF24;0;4907,000;5;090043377;5060;1;2023-12-07;93;308
2023-12-07;WDOF24;0;4907,000;2;090043377;5070;1;2023-12-07;93;85
2023-12-07;WDOF24;0;4907,000;1;090043377;5080;1;2023-12-07;88;85
2023-12-07;WDOF24;0;4907,000;6;090043377;5090;1;2023-12-07;308;85
2023-12-07;WDOF24;0;4907,000;4;090043377;5100;1;2023-12-07;4090;85
2023-12-07;WDOF24;0;4907,000;10;090043377;5110;1;2023-12-07;147;85
2023-12-07;WDOF24;0;4907,000;1;090043377;5120;1;2023-12-07;3;85
2023-12-07;WDOF24;0;4907,000;1;090043377;5130;1;2023-12-07;3;85
2023-12-07;WDOF24;0;4907,000;1;090043377;5140;1;2023-12-07;3;85
2023-12-07;WDOF24;0;4907,000;2;090043377;5150;1;2023-12-07;3;308
2023-12-07;WDOF24;0;4907,000;3;090043377;5160;1;2023-12-07;3;308
2023-12-07;WDOF24;0;4907,000;1;090043377;5170;1;2023-12-07;3;3
2023-12-07;WDOF24;0;4907,000;1;090043377;5180;1;2023-12-07;3;4090
2023-12-07;WDOF24;0;4907,000;1;090043377;5190;1;2023-12-07;3;3701
2023-12-07;WDOF24;0;4907,000;1;090043377;5200;1;2023-12-07;4090;3701
2023-12-07;WDOF24;0;4907,000;10;090043377;5210;1;2023-12-07;90;3701
2023-12-07;WDOF24;0;4907,000;2;090043377;5220;1;2023-12-07;93;3701
2023-12-07;WDOF24;0;4907,000;1;090043377;5230;1;2023-12-07;85;3701
2023-12-07;WDOF24;0;4907,000;1;090043377;5240;1;2023-12-07;85;3701
2023-12-07;WDOF24;0;4907,000;5;090043377;5250;1;2023-12-07;4090;3701
2023-12-07;WDOF24;0;4907,000;2;090043377;5260;1;2023-12-07;308;3701
2023-12-07;WDOF24;0;4907,000;1;090043377;5270;1;2023-12-07;93;3701
2023-12-07;WDOF24;0;4907,000;1;090043377;5280;1;2023-12-07;93;1982
2023-12-07;WDOF24;0;4907,000;1;090043377;5290;1;2023-12-07;107;1982
2023-12-07;WDOF24;0;4907,000;1;090043377;5300;1;2023-12-07;107;1982
2023-12-07;WDOF24;0;4907,000;1;090043377;5310;1;2023-12-07;85;85
2023-12-07;WDOF24;0;4907,000;24;090043377;5320;1;2023-12-07;72;85
2023-12-07;WDOF24;0;4907,000;1;090043377;5330;1;2023-12-07;72;3
2023-12-07;WDOF24;0;4907,000;6;090043377;5340;1;2023-12-07;72;3
2023-12-07;WDOF24;0;4907,000;50;090043377;5350;1;2023-12-07;72;88
2023-12-07;WDOF24;0;4907,500;5;090043377;5360;1;2023-12-07;120;1982
2023-12-07;WDOF24;0;4907,500;1;090043417;5370;1;2023-12-07;120;120
2023-12-07;WDOF24;0;4908,000;1;090043423;5380;1;2023-12-07;72;115
2023-12-07;WDOF24;0;4908,000;1;090043423;5390;1;2023-12-07;72;120
2023-12-07;WDOF24;0;4908,000;1;090043427;5400;1;2023-12-07;85;120
2023-12-07;WDOF24;0;4907,500;2;090043430;5410;1;2023-12-07;120;3
2023-12-07;WDOF24;0;4907,500;2;090043430;5420;1;2023-12-07;120;3
2023-12-07;WDOF24;0;4907,500;1;090043433;5430;1;2023-12-07;127;3
2023-12-07;WDOF24;0;4907,500;1;090043433;5440;1;2023-12-07;127;3
2023-12-07;WDOF24;0;4907,500;2;090043433;5450;1;2023-12-07;127;3
2023-12-07;WDOF24;0;4908,000;1;090043433;5460;1;2023-12-07;1618;72
2023-12-07;WDOF24;0;4908,000;5;090043433;5470;1;2023-12-07;120;3
2023-12-07;DOLF24;0;4908,000;5;090043437;190;1;2023-12-07;93;120
2023-12-07;WDOF24;0;4907,500;2;090043437;5480;1;2023-12-07;127;72
2023-12-07;WDOF24;0;4907,500;1;090043437;5490;1;2023-12-07;120;72
2023-12-07;WDOF24;0;4908,000;5;090043437;5500;1;2023-12-07;3;3
2023-12-07;WDOF24;0;4907,000;3;090043457;5510;1;2023-12-07;3;85
2023-12-07;WDOF24;0;4907,000;1;090043457;5520;1;2023-12-07;3;85
2023-12-07;WDOF24;0;4907,000;1;090043457;5530;1;2023-12-07;120;85
2023-12-07;WDOF24;0;4907,500;1;090043460;5540;1;2023-12-07;8;72
2023-12-07;WDOF24;0;4907,500;7;090043460;5550;1;2023-12-07;8;120
2023-12-07;WDOF24;0;4907,500;3;090043460;5560;1;2023-12-07;8;120
2023-12-07;WDOF24;0;4907,000;1;090043463;5570;1;2023-12-07;308;4090
2023-12-07;WDOF24;0;4907,000;1;090043463;5580;1;2023-12-07;120;4090
2023-12-07;WDOF24;0;4907,000;1;090043463;5590;1;2023-12-07;85;4090
2023-12-07;WDOF24;0;4907,000;1;090043463;5600;1;2023-12-07;85;4090
2023-12-07;WDOF24;0;4907,500;1;090043483;5610;1;2023-12-07;3;72
2023-12-07;WDOF24;0;4907,500;2;090043483;5620;1;2023-12-07;3;120
2023-12-07;WDOF24;0;4908,000;6;090043483;5630;1;2023-12-07;3;3
2023-12-07;WDOF24;0;4908,000;1;090043483;5640;1;2023-12-07;3;72
2023-12-07;WDOF24;0;4908,000;20;090043493;5650;1;2023-12-07;3;85
2023-12-07;WDOF24;0;4908,000;1;090043497;5660;1;2023-12-07;3;85
2023-12-07;DOLF24;0;4907,000;5;090043500;200;1;2023-12-07;120;3
2023-12-07;DOLF24;0;4906,500;5;090043500;210;1;2023-12-07;120;3
2023-12-07;WDOF24;0;4907,500;1;090043510;5670;1;2023-12-07;3;127
2023-12-07;WDOF24;0;4907,500;2;090043510;5680;1;2023-12-07;3;120
2023-12-07;WDOF24;0;4907,500;5;090043510;5690;1;2023-12-07;3;72
2023-12-07;WDOF24;0;4907,500;2;090043510;5700;1;2023-12-07;3;3
2023-12-07;WDOF24;0;4907,500;1;090043530;5710;1;2023-12-07;120;3
2023-12-07;WDOF24;0;4907,500;1;090043537;5720;1;2023-12-07;3;3
2023-12-07;WDOF24;0;4907,500;1;090043540;5730;1;2023-12-07;3;3
2023-12-07;WDOF24;0;4907,500;2;090043547;5740;1;2023-12-07;3;120
2023-12-07;WDOF24;0;4907,500;3;090043563;5750;1;2023-12-07;40;120
2023-12-07;WDOF24;0;4907,000;5;090043563;5760;1;2023-12-07;85;120
2023-12-07;WDOF24;0;4907,000;3;090043563;5770;1;2023-12-07;120;120
2023-12-07;WDOF24;0;4907,500;3;090043607;5780;1;2023-12-07;4090;120
2023-12-07;WDOF24;0;4907,500;1;090043607;5790;1;2023-12-07;4090;120
2023-12-07;WDOF24;0;4907,500;1;090043607;5800;1;2023-12-07;4090;120
2023-12-07;WDOF24;0;4907,500;1;090043607;5810;1;2023-12-07;4090;120
2023-12-07;WDOF24;0;4906,500;1;090043607;5820;1;2023-12-07;85;4090
2023-12-07;WDOF24;0;4906,500;1;090043607;5830;1;2023-12-07;3;4090
2023-12-07;WDOF24;0;4907,000;1;090043610;5840;1;2023-12-07;107;88
2023-12-07;WDOF24;0;4907,000;1;090043630;5850;1;2023-12-07;3;120
2023-12-07;WDOF24;0;4906,500;1;090043633;5860;1;2023-12-07;120;3
2023-12-07;WDOF24;0;4906,500;1;090043633;5870;1;2023-12-07;1618;3
2023-12-07;CCMH24;0;74,100;1;090043637;500;1;2023-12-07;;
2023-12-07;DOLF24;0;4908,000;5;090043647;220;1;2023-12-07;308;1618
2023-12-07;WDOF24;0;4907,000;1;090043650;5880;1;2023-12-07;3;120
2023-12-07;WDOF24;0;4906,500;2;090043673;5890;1;2023-12-07;120;120
2023-12-07;WDOF24;0;4906,500;3;090043673;5900;1;2023-12-07;120;120
2023-12-07;WDOF24;0;4907,000;1;090043677;5910;1;2023-12-07;120;120
2023-12-07;WDOF24;0;4906,500;1;090043690;5920;1;2023-12-07;72;3
2023-12-07;WDOF24;0;4906,000;1;090043690;5930;1;2023-12-07;3;3
2023-12-07;WDOF24;0;4906,000;1;090043690;5940;1;2023-12-07;4090;3
2023-12-07;WDOF24;0;4906,000;1;090043690;5950;1;2023-12-07;85;3
2023-12-07;WDOF24;0;4906,000;1;090043690;5960;1;2023-12-07;85;3
2023-12-07;WDOF24;0;4906,000;1;090043690;5970;1;2023-12-07;93;85
2023-12-07;WDOF24;0;4906,000;5;090043690;5980;1;2023-12-07;120;85
2023-12-07;WDOF24;0;4906,500;1;090043700;5990;1;2023-12-07;72;120
2023-12-07;WDOF24;0;4907,000;2;090043707;6000;1;2023-12-07;93;120
2023-12-07;WDOF24;0;4907,000;1;090043707;6010;1;2023-12-07;93;88
2023-12-07;WDOF24;0;4907,000;1;090043717;6020;1;2023-12-07;85;88
2023-12-07;WDOF24;0;4907,000;1;090043727;6030;1;2023-12-07;120;88
2023-12-07;WDOF24;0;4907,000;1;090043730;6040;1;2023-12-07;120;88
2023-12-07;WDOF24;0;4906,500;1;090043737;6050;1;2023-12-07;72;120
2023-12-07;WDOF24;0;4906,500;1;090043740;6060;1;2023-12-07;72;3
2023-12-07;WDOF24;0;4907,000;1;090043767;6070;1;2023-12-07;3;88
2023-12-07;WDOF24;0;4907,000;1;090043767;6080;1;2023-12-07;3;72
2023-12-07;WDOF24;0;4907,000;1;090043783;6090;1;2023-12-07;3;120
2023-12-07;WDOF24;0;4906,000;1;090043807;6100;1;2023-12-07;120;4090
2023-12-07;WDOF24;0;4906,000;2;090043807;6110;1;2023-12-07;120;4090
2023-12-07;WDOF24;0;4906,000;1;090043823;6120;1;2023-12-07;120;85
2023-12-07;WDOF24;0;4907,000;1;090043847;6130;1;2023-12-07;308;72
2023-12-07;WDOF24;0;4907,000;2;090043847;6140;1;2023-12-07;308;120
2023-12-07;WDOF24;0;4907,000;3;090043847;6150;1;2023-12-07;308;120
2023-12-07;WDOF24;0;4907,000;3;090043863;6160;1;2023-12-07;308;120
2023-12-07;WDOF24;0;4907,000;1;090043877;6170;1;2023-12-07;308;120
2023-12-07;WDOF24;0;4907,000;1;090043880;6180;1;2023-12-07;4090;120
2023-12-07;WDOF24;0;4907,000;3;090043883;6190;1;2023-12-07;308;88
2023-12-07;WDOF24;0;4907,000;1;090043897;6200;1;2023-12-07;3;88
2023-12-07;WDOF24;0;4907,000;1;090043953;6210;1;2023-12-07;85;88
2023-12-07;WDOF24;0;4907,000;1;090043953;6220;1;2023-12-07;85;72
2023-12-07;WDOF24;0;4906,500;1;090044013;6230;1;2023-12-07;72;85
2023-12-07;WDOF24;0;4906,500;1;090044013;6240;1;2023-12-07;72;85
2023-12-07;WDOF24;0;4906,500;2;090044013;6250;1;2023-12-07;120;85
2023-12-07;WDOF24;0;4906,000;6;090044013;6260;1;2023-12-07;120;85
2023-12-07;WDOF24;0;4906,000;10;090044013;6270;1;2023-12-07;120;85
2023-12-07;WDOF24;0;4906,000;5;090044013;6280;1;2023-12-07;1618;85
2023-12-07;WDOF24;0;4906,000;5;090044013;6290;1;2023-12-07;3;85
2023-12-07;WDOF24;0;4906,000;1;090044013;6300;1;2023-12-07;72;85
2023-12-07;WDOF24;0;4906,000;5;090044013;6310;1;2023-12-07;3;85
2023-12-07;WDOF24;0;4906,000;1;090044013;6320;1;2023-12-07;120;85
2023-12-07;WDOF24;0;4906,000;5;090044013;6330;1;2023-12-07;120;85
2023-12-07;WDOF24;0;4906,000;3;090044013;6340;1;2023-12-07;120;85
2023-12-07;WDOF24;0;4907,000;1;090044017;6350;1;2023-12-07;85;88
2023-12-07;CCMH24;0;74,140;1;090044033;510;1;2023-12-07;;
2023-12-07;WDOF24;0;4906,500;1;090044047;6360;1;2023-12-07;120;120
2023-12-07;WDOF24;0;4907,000;1;090044053;6370;1;2023-12-07;3;88
2023-12-07;WDOF24;0;4907,000;1;090044063;6380;1;2023-12-07;3;88
2023-12-07;WDOF24;0;4907,000;2;090044070;6390;1;2023-12-07;4090;120
2023-12-07;WDOF24;0;4907,000;1;090044153;6400;1;2023-12-07;308;88
2023-12-07;WDOF24;0;4907,000;1;090044197;6410;1;2023-12-07;4090;88
2023-12-07;WDOF24;0;4907,000;1;090044237;6420;1;2023-12-07;308;88
2023-12-07;WDOF24;0;4907,000;1;090044250;6430;1;2023-12-07;8;88
2023-12-07;WDOF24;0;4907,000;2;090044250;6440;1;2023-12-07;8;72
2023-12-07;WDOF24;0;4907,000;2;090044250;6450;1;2023-12-07;8;120
2023-12-07;WDOF24;0;4907,000;1;090044250;6460;1;2023-12-07;8;88
2023-12-07;WDOF24;0;4907,000;1;090044250;6470;1;2023-12-07;8;88
2023-12-07;WDOF24;0;4907,500;3;090044250;6480;1;2023-12-07;8;120
2023-12-07;WDOF24;0;4907,500;3;090044250;6490;1;2023-12-07;8;120
2023-12-07;WDOF24;0;4907,500;6;090044250;6500;1;2023-12-07;8;85
2023-12-07;WDOF24;0;4907,500;2;090044250;6510;1;2023-12-07;8;4090
2023-12-07;WDOF24;0;4907,500;5;090044250;6520;1;2023-12-07;8;3
2023-12-07;WDOF24;0;4907,500;5;090044250;6530;1;2023-12-07;8;72
2023-12-07;WDOF24;0;4907,500;10;090044250;6540;1;2023-12-07;8;120
2023-12-07;WDOF24;0;4907,500;1;090044267;6550;1;2023-12-07;4090;3
2023-12-07;WDOF24;0;4906,500;2;090044270;6560;1;2023-12-07;120;3
2023-12-07;WDOF24;0;4906,500;1;090044270;6570;1;2023-12-07;120;3
2023-12-07;WDOF24;0;4906,500;1;090044270;6580;1;2023-12-07;72;3
2023-12-07;DAPQ26;0;5,380;65;090044280;10;1;2023-12-07;8;8
2023-12-07;WDOF24;0;4906,500;1;090044280;6590;1;2023-12-07;72;120
2023-12-07;WDOF24;0;4906,500;1;090044280;6600;1;2023-12-07;72;120
2023-12-07;WDOF24;0;4906,500;2;090044280;6610;1;2023-12-07;3;120
2023-12-07;WDOF24;0;4907,000;1;090044287;6620;1;2023-12-07;1982;72
2023-12-07;WDOF24;0;4907,000;4;090044310;6630;1;2023-12-07;85;120
2023-12-07;DOLF24;0;4908,000;5;090044320;230;1;2023-12-07;308;120
2023-12-07;WDOF24;0;4907,000;1;090044320;6640;1;2023-12-07;85;120
2023-12-07;WDOF24;0;4907,500;1;090044320;6650;1;2023-12-07;85;120
2023-12-07;WDOF24;0;4906,500;1;090044357;6660;1;2023-12-07;3;3
2023-12-07;WDOF24;0;4906,500;4;090044373;6670;1;2023-12-07;3;88
2023-12-07;WDOF24;0;4906,500;3;090044373;6680;1;2023-12-07;3;120
2023-12-07;WDOF24;0;4906,500;2;090044373;6690;1;2023-12-07;120;120
2023-12-07;WDOF24;0;4906,500;5;090044373;6700;1;2023-12-07;3;120
2023-12-07;WDOF24;0;4906,500;5;090044373;6710;1;2023-12-07;72;120
2023-12-07;DOLF24;0;4907,000;5;090044377;240;1;2023-12-07;88;120
2023-12-07;WDOF24;0;4907,000;2;090044387;6720;1;2023-12-07;120;120
2023-12-07;WDOF24;0;4907,000;1;090044437;6730;1;2023-12-07;85;1982
2023-12-07;WDOF24;0;4907,000;1;090044460;6740;1;2023-12-07;85;72
2023-12-07;WDOF24;0;4907,000;1;090044460;6750;1;2023-12-07;85;72
2023-12-07;WDOF24;0;4907,000;3;090044460;6760;1;2023-12-07;85;120
2023-12-07;WDOF24;0;4907,000;4;090044467;6770;1;2023-12-07;308;120
2023-12-07;WDOF24;0;4907,000;1;090044467;6780;1;2023-12-07;308;8
2023-12-07;WDOF24;0;4907,000;2;090044467;6790;1;2023-12-07;308;120
2023-12-07;WDOF24;0;4907,000;1;090044467;6800;1;2023-12-07;308;72
2023-12-07;WDOF24;0;4907,500;1;090044467;6810;1;2023-12-07;308;120
2023-12-07;WDOF24;0;4907,500;1;090044467;6820;1;2023-12-07;308;72
2023-12-07;WDOF24;0;4907,500;1;090044477;6830;1;2023-12-07;308;72
2023-12-07;WDOF24;0;4907,500;1;090044480;6840;1;2023-12-07;120;120
2023-12-07;WDOF24;0;4907,500;1;090044480;6850;1;2023-12-07;120;120
2023-12-07;WDOF24;0;4907,500;1;090044517;6860;1;2023-12-07;85;72
2023-12-07;WDOF24;0;4907,500;1;090044517;6870;1;2023-12-07;85;88
2023-12-07;WDOF24;0;4907,500;2;090044523;6880;1;2023-12-07;8;88
2023-12-07;WDOF24;0;4907,500;1;090044523;6890;1;2023-12-07;8;120
2023-12-07;WDOF24;0;4907,500;5;090044523;6900;1;2023-12-07;8;1618
2023-12-07;WDOF24;0;4907,500;5;090044523;6910;1;2023-12-07;8;72
2023-12-07;WDOF24;0;4907,500;7;090044523;6920;1;2023-12-07;8;120
2023-12-07;DOLF24;0;4907,500;5;090044530;250;1;2023-12-07;8;1618
2023-12-07;DOLF24;0;4907,500;5;090044530;260;1;2023-12-07;8;1618
2023-12-07;WDOF24;0;4907,500;3;090044587;6930;1;2023-12-07;308;120
2023-12-07;WDOF24;0;4906,500;1;090044587;6940;1;2023-12-07;120;308
2023-12-07;WDOF24;0;4907,500;2;090044627;6950;1;2023-12-07;120;8
2023-12-07;WDOF24;0;4907,500;1;090044647;6960;1;2023-12-07;4090;8
2023-12-07;WDOF24;0;4907,500;1;090044660;6970;1;2023-12-07;4090;120
2023-12-07;WDOF24;0;4907,500;1;090044693;6980;1;2023-12-07;120;120
2023-12-07;WDOF24;0;4907,000;1;090044697;6990;1;2023-12-07;72;120
2023-12-07;WDOF24;0;4907,000;2;090044707;7000;1;2023-12-07;72;120
2023-12-07;WDOF24;0;4906,500;2;090044713;7010;1;2023-12-07;120;190
2023-12-07;WDOF24;0;4906,500;2;090044713;7020;1;2023-12-07;72;190
2023-12-07;WDOF24;0;4906,500;6;090044713;7030;1;2023-12-07;120;190
2023-12-07;WDOF24;0;4906,500;1;090044713;7040;1;2023-12-07;72;190
2023-12-07;WDOF24;0;4906,500;5;090044713;7050;1;2023-12-07;1618;190
2023-12-07;WDOF24;0;4906,500;9;090044713;7060;1;2023-12-07;3;190
2023-12-07;WDOF24;0;4907,500;1;090044717;7070;1;2023-12-07;93;120
2023-12-07;WDOF24;0;4907,500;3;090044717;7080;1;2023-12-07;93;72
2023-12-07;WDOF24;0;4907,500;1;090044727;7090;1;2023-12-07;88;72
2023-12-07;WDOF24;0;4907,000;1;090044750;7100;1;2023-12-07;72;120
2023-12-07;WDOF24;0;4906,500;1;090044753;7110;1;2023-12-07;3;4090
2023-12-07;WDOF24;0;4906,500;1;090044753;7120;1;2023-12-07;3;4090
2023-12-07;WDOF24;0;4906,500;2;090044813;7130;1;2023-12-07;3;1982
2023-12-07;WDOF24;0;4907,500;1;090044817;7140;1;2023-12-07;308;72
2023-12-07;WDOF24;0;4907,500;2;090044817;7150;1;2023-12-07;308;3
2023-12-07;WDOF24;0;4907,000;1;090044820;7160;1;2023-12-07;72;120
2023-12-07;DOLF24;0;4907,500;5;090044830;270;1;2023-12-07;308;8
2023-12-07;WDOF24;0;4907,000;1;090044830;7170;1;2023-12-07;72;120
2023-12-07;WDOF24;0;4907,500;1;090044847;7180;1;2023-12-07;4090;3
2023-12-07;WDOF24;0;4906,500;1;090044867;7190;1;2023-12-07;3;308
2023-12-07;WDOF24;0;4906,500;1;090044903;7200;1;2023-12-07;3;120
2023-12-07;WDOF24;0;4906,500;2;090044903;7210;1;2023-12-07;72;308
2023-12-07;WDOF24;0;4907,500;1;090044927;7220;1;2023-12-07;3;3
2023-12-07;WDOF24;0;4907,500;1;090044950;7230;1;2023-12-07;85;3
2023-12-07;WDOF24;0;4907,500;2;090044950;7240;1;2023-12-07;85;120
2023-12-07;WDOF24;0;4907,000;1;090044953;7250;1;2023-12-07;72;120
2023-12-07;WDOF24;0;4906,500;1;090044977;7260;1;2023-12-07;72;85
2023-12-07;WDOF24;0;4906,500;5;090044977;7270;1;2023-12-07;120;85
2023-12-07;WDOF24;0;4907,000;2;090045003;7280;1;2023-12-07;85;120
2023-12-07;WDOF24;0;4907,000;1;090045003;7290;1;2023-12-07;72;120
2023-12-07;WDOF24;0;4906,500;2;090045017;7300;1;2023-12-07;120;1982
2023-12-07;WDOF24;0;4907,000;1;090045017;7310;1;2023-12-07;72;120
2023-12-07;WDOF24;0;4906,500;1;090045053;7320;1;2023-12-07;120;85
2023-12-07;WDOF24;0;4906,500;1;090045063;7330;1;2023-12-07;120;120
2023-12-07;WDOF24;0;4906,500;1;090045063;7340;1;2023-12-07;72;120
2023-12-07;WDOF24;0;4907,000;1;090045063;7350;1;2023-12-07;8;72
2023-12-07;WDOF24;0;4907,000;1;090045063;7360;1;2023-12-07;8;72
2023-12-07;WDOF24;0;4907,000;1;090045063;7370;1;2023-12-07;8;72
2023-12-07;WDOF24;0;4907,000;10;090045063;7380;1;2023-12-07;8;120
2023-12-07;WDOF24;0;4907,000;2;090045070;7390;1;2023-12-07;120;120
2023-12-07;WDOF24;0;4906,500;2;090045070;7400;1;2023-12-07;72;3
2023-12-07;WDOF24;0;4906,500;2;090045077;7410;1;2023-12-07;72;120
2023-12-07;WINZ23;0;125935,000;10;090045083;10;1;2023-12-07;85;107
2023-12-07;WINZ23;0;125935,000;10;090045083;20;1;2023-12-07;3;107
2023-12-07;WINZ23;0;125935,000;1;090045083;30;1;2023-12-07;85;107
2023-12-07;WINZ23;0;125935,000;1;090045083;40;1;2023-12-07;85;107
2023-12-07;WINZ23;0;125935,000;10;090045083;50;1;2023-12-07;3;107
2023-12-07;WINZ23;0;125935,000;250;090045083;60;1;2023-12-07;127;107
2023-12-07;WINZ23;0;125935,000;1;090045083;70;1;2023-12-07;308;107
2023-12-07;WINZ23;0;125935,000;5;090045083;80;1;2023-12-07;3;107
2023-12-07;WINZ23;0;125935,000;10;090045083;90;1;2023-12-07;3;107
2023-12-07;WINZ23;0;125935,000;2;090045083;100;1;2023-12-07;85;107
2023-12-07;WINZ23;0;125935,000;50;090045083;110;1;2023-12-07;85;88
2023-12-07;WINZ23;0;125935,000;10;090045083;120;1;2023-12-07;85;85
2023-12-07;WINZ23;0;125935,000;18;090045083;130;1;2023-12-07;85;3
2023-12-07;WINZ23;0;125935,000;17;090045083;140;1;2023-12-07;3;3
2023-12-07;WINZ23;0;125935,000;3;090045083;150;1;2023-12-07;3;3
2023-12-07;WINZ23;0;125935,000;1;090045083;160;1;2023-12-07;3;3
2023-12-07;WINZ23;0;125935,000;1;090045083;170;1;2023-12-07;3;3
2023-12-07;WINZ23;0;125935,000;3;090045083;180;1;2023-12-07;3;3
2023-12-07;WINZ23;0;125935,000;2;090045083;190;1;2023-12-07;3;3
2023-12-07;WINZ23;0;125935,000;1;090045083;200;1;2023-12-07;3;85
2023-12-07;WINZ23;0;125935,000;1;090045083;210;1;2023-12-07;3;85
2023-12-07;WINZ23;0;125935,000;15;090045083;220;1;2023-12-07;3;3701
2023-12-07;WINZ23;0;125935,000;2;090045083;230;1;2023-12-07;3;3
2023-12-07;WINZ23;0;125935,000;8;090045083;240;1;2023-12-07;3;88
2023-12-07;WINZ23;0;125935,000;9;090045083;250;1;2023-12-07;3;88
2023-12-07;WINZ23;0;125935,000;3;090045083;260;1;2023-12-07;85;88
2023-12-07;WINZ23;0;125935,000;10;090045083;270;1;2023-12-07;3;88
2023-12-07;WINZ23;0;125935,000;1;090045083;280;1;2023-12-07;85;88
2023-12-07;WINZ23;0;125935,000;5;090045083;290;1;2023-12-07;85;88
2023-12-07;WINZ23;0;125935,000;2;090045083;300;1;2023-12-07;85;88
2023-12-07;WINZ23;0;125935,000;4;090045083;310;1;2023-12-07;120;88
2023-12-07;WINZ23;0;125935,000;3;090045083;320;1;2023-12-07;85;88
2023-12-07;WINZ23;0;125935,000;1;090045083;330;1;2023-12-07;85;85
2023-12-07;WINZ23;0;125935,000;1;090045083;340;1;2023-12-07;85;85
2023-12-07;WINZ23;0;125935,000;1;090045083;350;1;2023-12-07;85;85
2023-12-07;WINZ23;0;125935,000;1;090045083;360;1;2023-12-07;85;85
2023-12-07;WINZ23;0;125935,000;1;090045083;370;1;2023-12-07;85;85
2023-12-07;WINZ23;0;125935,000;1;090045083;380;1;2023-12-07;85;85
2023-12-07;WINZ23;0;125935,000;1;090045083;390;1;2023-12-07;85;85
2023-12-07;WINZ23;0;125935,000;1;090045083;400;1;2023-12-07;85;85
2023-12-07;WINZ23;0;125935,000;1;090045083;410;1;2023-12-07;85;85
2023-12-07;WINZ23;0;125935,000;17;090045083;420;1;2023-12-07;85;308
2023-12-07;WINZ23;0;125935,000;6;090045083;430;1;2023-12-07;85;308
2023-12-07;WINZ23;0;125935,000;5;090045083;440;1;2023-12-07;85;308
2023-12-07;WINZ23;0;125935,000;10;090045083;450;1;2023-12-07;107;308
2023-12-07;WINZ23;0;125935,000;1;090045083;460;1;2023-12-07;1982;308
2023-12-07;WINZ23;0;125935,000;1;090045083;470;1;2023-12-07;88;308
2023-12-07;WINZ23;0;125935,000;4;090045083;480;1;2023-12-07;85;308
2023-12-07;WINZ23;0;125935,000;1;090045083;490;1;2023-12-07;3;308
2023-12-07;WINZ23;0;125935,000;1;090045083;500;1;2023-12-07;3;3
2023-12-07;WINZ23;0;125935,000;1;090045083;510;1;2023-12-07;3;308
2023-12-07;WINZ23;0;125935,000;3;090045083;520;1;2023-12-07;3;308
2023-12-07;WINZ23;0;125935,000;1;090045083;530;1;2023-12-07;3;308
2023-12-07;WINZ23;0;125935,000;4;090045083;540;1;2023-12-07;85;308
2023-12-07;WINZ23;0;125935,000;1;090045083;550;1;2023-12-07;308;308
2023-12-07;WINZ23;0;125935,000;1;090045083;560;1;2023-12-07;308;4090
2023-12-07;WINZ23;0;125935,000;4;090045083;570;1;2023-12-07;4090;4090
2023-12-07;WINZ23;0;125935,000;1;090045083;580;1;2023-12-07;4090;3
2023-12-07;WINZ23;0;125935,000;4;090045083;590;1;2023-12-07;3;3
2023-12-07;WINZ23;0;125935,000;5;090045083;600;1;2023-12-07;3;85
2023-12-07;WINZ23;0;125935,000;4;090045083;610;1;2023-12-07;120;85
2023-12-07;WINZ23;0;125935,000;2;090045083;620;1;2023-12-07;85;85
2023-12-07;WINZ23;0;125935,000;5;090045083;630;1;2023-12-07;85;85
2023-12-07;WINZ23;0;125935,000;1;090045083;640;1;2023-12-07;147;85
2023-12-07;WINZ23;0;125935,000;5;090045083;650;1;2023-12-07;1099;85
2023-12-07;WINZ23;0;125935,000;25;090045083;660;1;2023-12-07;88;85
2023-12-07;WINZ23;0;125935,000;72;090045083;670;1;2023-12-07;308;85
2023-12-07;WINZ23;0;125935,000;1;090045083;680;1;2023-12-07;4090;85
2023-12-07;WINZ23;0;125935,000;3;090045083;690;1;2023-12-07;3;85
2023-12-07;WINZ23;0;125935,000;3;090045083;700;1;2023-12-07;85;85
2023-12-07;WINZ23;0;125935,000;3;090045083;710;1;2023-12-07;3;85
2023-12-07;WINZ23;0;125935,000;18;090045083;720;1;2023-12-07;3;85
2023-12-07;WINZ23;0;125935,000;3;090045083;730;1;2023-12-07;3;85
2023-12-07;WINZ23;0;125935,000;3;090045083;740;1;2023-12-07;3;85
2023-12-07;WINZ23;0;125935,000;18;090045083;750;1;2023-12-07;3;85
2023-12-07;WINZ23;0;125935,000;100;090045083;760;1;2023-12-07;262;85
2023-12-07;WINZ23;0;125935,000;1;090045083;770;1;2023-12-07;308;85
2023-12-07;WINZ23;0;125935,000;1;090045083;780;1;2023-12-07;3;85
2023-12-07;WINZ23;0;125935,000;1;090045083;790;1;2023-12-07;3;85
2023-12-07;WINZ23;0;125935,000;2;090045083;800;1;2023-12-07;85;85
2023-12-07;WINZ23;0;125935,000;30;090045083;810;1;2023-12-07;88;85
2023-12-07;WINZ23;0;125935,000;8;090045083;820;1;2023-12-07;85;85
2023-12-07;WINZ23;0;125935,000;9;090045083;830;1;2023-12-07;3;85
2023-12-07;WINZ23;0;125935,000;2;090045083;840;1;2023-12-07;308;85
2023-12-07;WINZ23;0;125935,000;1;090045083;850;1;2023-12-07;4090;85
2023-12-07;WINZ23;0;125935,000;5;090045083;860;1;2023-12-07;3;85
2023-12-07;WINZ23;0;125935,000;174;090045083;870;1;2023-12-07;85;85
2023-12-07;WINZ23;0;125935,000;5;090045083;880;1;2023-12-07;85;85
2023-12-07;WINZ23;0;125935,000;1;090045083;890;1;2023-12-07;85;85
2023-12-07;WINZ23;0;125935,000;2;090045083;900;1;2023-12-07;85;85
2023-12-07;WINZ23;0;125935,000;1;090045083;910;1;2023-12-07;85;85
2023-12-07;WINZ23;0;125935,000;10;090045083;920;1;2023-12-07;85;3
2023-12-07;WINZ23;0;125935,000;1;090045083;930;1;2023-12-07;85;3
2023-12-07;WINZ23;0;125935,000;5;090045083;940;1;2023-12-07;85;85
2023-12-07;WINZ23;0;125935,000;1;090045083;950;1;2023-12-07;85;308
2023-12-07;WINZ23;0;125935,000;120;090045083;960;1;2023-12-07;85;93
2023-12-07;WINZ23;0;125935,000;80;090045083;970;1;2023-12-07;107;93
2023-12-07;WINZ23;0;125935,000;25;090045083;980;1;2023-12-07;107;3
2023-12-07;WINZ23;0;125935,000;1;090045083;990;1;2023-12-07;107;262
2023-12-07;WINZ23;0;125935,000;2;090045083;1000;1;2023-12-07;107;3
2023-12-07;WINZ23;0;125935,000;100;090045083;1010;1;2023-12-07;107;4090
2023-12-07;WINZ23;0;125935,000;4;090045083;1020;1;2023-12-07;107;3
2023-12-07;WINZ23;0;125935,000;3;090045083;1030;1;2023-12-07;107;1099
2023-12-07;WINZ23;0;125935,000;6;090045083;1040;1;2023-12-07;107;308
2023-12-07;WINZ23;0;125935,000;1;090045083;1050;1;2023-12-07;107;308
2023-12-07;WINZ23;0;125935,000;2;090045083;1060;1;2023-12-07;107;308
2023-12-07;WINZ23;0;125935,000;3;090045083;1070;1;2023-12-07;107;308
2023-12-07;WINZ23;0;125935,000;50;090045083;1080;1;2023-12-07;107;4090
2023-12-07;WINZ23;0;125935,000;5;090045083;1090;1;2023-12-07;107;3701
2023-12-07;WINZ23;0;125935,000;3;090045083;1100;1;2023-12-07;107;120
2023-12-07;WINZ23;0;125935,000;1;090045083;1110;1;2023-12-07;107;3
2023-12-07;WINZ23;0;125935,000;13;090045083;1120;1;2023-12-07;107;3
2023-12-07;WINZ23;0;125935,000;1;090045083;1130;1;2023-12-07;107;3
2023-12-07;WINZ23;0;125935,000;1;090045083;1140;1;2023-12-07;4090;3
2023-12-07;WINZ23;0;125935,000;1;090045083;1150;1;2023-12-07;3;88
2023-12-07;WINZ23;0;125935,000;4;090045083;1160;1;2023-12-07;88;88
2023-12-07;WINZ23;0;125935,000;4;090045083;1170;1;2023-12-07;88;1982
2023-12-07;WINZ23;0;125935,000;1;090045083;1180;1;2023-12-07;88;1982
2023-12-07;WINZ23;0;125935,000;2;090045083;1190;1;2023-12-07;88;88
2023-12-07;WINZ23;0;125935,000;15;090045083;1200;1;2023-12-07;88;120
2023-12-07;WINZ23;0;125935,000;5;090045083;1210;1;2023-12-07;85;120
2023-12-07;WINZ23;0;125935,000;1;090045083;1220;1;2023-12-07;88;120
2023-12-07;WINZ23;0;125935,000;1;090045083;1230;1;2023-12-07;85;120
2023-12-07;WINZ23;0;125935,000;8;090045083;1240;1;2023-12-07;3;120
2023-12-07;WINZ23;0;125935,000;18;090045083;1250;1;2023-12-07;3;120
2023-12-07;WINZ23;0;125935,000;9;090045083;1260;1;2023-12-07;3;120
2023-12-07;WINZ23;0;125935,000;1;090045083;1270;1;2023-12-07;3;1982
2023-12-07;WINZ23;0;125935,000;1;090045083;1280;1;2023-12-07;120;1982
2023-12-07;WINZ23;0;125935,000;1;090045083;1290;1;2023-12-07;308;1982
2023-12-07;WINZ23;0;125935,000;2;090045083;1300;1;2023-12-07;3701;1982
2023-12-07;WINZ23;0;125935,000;1;090045083;1310;1;2023-12-07;85;1982
2023-12-07;WINZ23;0;125935,000;1;090045083;1320;1;2023-12-07;85;3701
2023-12-07;WINZ23;0;125935,000;5;090045083;1330;1;2023-12-07;85;3701
2023-12-07;WINZ23;0;125935,000;1;090045083;1340;1;2023-12-07;85;3701
2023-12-07;WINZ23;0;125935,000;1;090045083;1350;1;2023-12-07;85;3701
2023-12-07;WINZ23;0;125935,000;5;090045083;1360;1;2023-12-07;85;3701
2023-12-07;WINZ23;0;125935,000;12;090045083;1370;1;2023-12-07;120;3701
2023-12-07;WINZ23;0;125935,000;2;090045083;1380;1;2023-12-07;85;120
2023-12-07;WINZ23;0;125935,000;2;090045083;1390;1;2023-12-07;85;1982
2023-12-07;WINZ23;0;125935,000;1;090045083;1400;1;2023-12-07;85;1982
2023-12-07;WINZ23;0;125935,000;3;090045083;1410;1;2023-12-07;85;1982
2023-12-07;WINZ23;0;125935,000;1;090045083;1420;1;2023-12-07;85;88
2023-12-07;WINZ23;0;125935,000;8;090045083;1430;1;2023-12-07;85;1982
2023-12-07;WINZ23;0;125935,000;1;090045083;1440;1;2023-12-07;85;1982
2023-12-07;WINZ23;0;125935,000;30;090045083;1450;1;2023-12-07;85;3701
2023-12-07;WINZ23;0;125935,000;3;090045083;1460;1;2023-12-07;85;3
2023-12-07;WINZ23;0;125935,000;2;090045083;1470;1;2023-12-07;85;85
2023-12-07;WINZ23;0;125935,000;1;090045083;1480;1;2023-12-07;85;308
2023-12-07;WINZ23;0;125935,000;1;090045083;1490;1;2023-12-07;85;1982
2023-12-07;WINZ23;0;125935,000;9;090045083;1500;1;2023-12-07;85;1982
2023-12-07;WINZ23;0;125935,000;2;090045083;1510;1;2023-12-07;85;85
2023-12-07;WINZ23;0;125935,000;75;090045083;1520;1;2023-12-07;85;85
2023-12-07;WINZ23;0;125935,000;1;090045083;1530;1;2023-12-07;85;85
2023-12-07;WINZ23;0;125935,000;13;090045083;1540;1;2023-12-07;85;3
2023-12-07;WINZ23;0;125935,000;4;090045083;1550;1;2023-12-07;120;3
2023-12-07;WINZ23;0;125935,000;8;090045083;1560;1;2023-12-07;85;3
2023-12-07;WINZ23;0;125935,000;22;090045083;1570;1;2023-12-07;85;3
2023-12-07;WINZ23;0;125935,000;1;090045083;1580;1;2023-12-07;85;3
2023-12-07;WINZ23;0;125935,000;2;090045083;1590;1;2023-12-07;85;3
2023-12-07;WINZ23;0;125935,000;8;090045083;1600;1;2023-12-07;85;3
2023-12-07;WINZ23;0;125935,000;8;090045083;1610;1;2023-12-07;85;3
2023-12-07;WINZ23;0;125935,000;9;090045083;1620;1;2023-12-07;85;3
2023-12-07;WINZ23;0;125935,000;1;090045083;1630;1;2023-12-07;85;90
2023-12-07;WINZ23;0;125935,000;1;090045083;1640;1;2023-12-07;85;90
2023-12-07;WINZ23;0;125935,000;1;090045083;1650;1;2023-12-07;85;308
2023-12-07;WINZ23;0;125935,000;1;090045083;1660;1;2023-12-07;85;90
2023-12-07;WINZ23;0;125935,000;10;090045083;1670;1;2023-12-07;85;3
2023-12-07;WINZ23;0;125935,000;1;090045083;1680;1;2023-12-07;85;90
2023-12-07;WINZ23;0;125935,000;4;090045083;1690;1;2023-12-07;85;39
2023-12-07;WINZ23;0;125935,000;4;090045083;1700;1;2023-12-07;85;120
2023-12-07;WINZ23;0;125935,000;20;090045083;1710;1;2023-12-07;85;120
2023-12-07;WINZ23;0;125935,000;3;090045083;1720;1;2023-12-07;3;120
2023-12-07;WINZ23;0;125935,000;10;090045083;1730;1;2023-12-07;85;120
2023-12-07;WINZ23;0;125935,000;3;090045083;1740;1;2023-12-07;3;120
2023-12-07;WINZ23;0;125935,000;12;090045083;1750;1;2023-12-07;3;308
2023-12-07;WINZ23;0;125935,000;10;090045083;1760;1;2023-12-07;3;308
2023-12-07;WINZ23;0;125935,000;3;090045083;1770;1;2023-12-07;3;308
2023-12-07;WINZ23;0;125935,000;20;090045083;1780;1;2023-12-07;85;308
2023-12-07;WINZ23;0;125935,000;10;090045083;1790;1;2023-12-07;85;308
2023-12-07;WINZ23;0;125935,000;6;090045083;1800;1;2023-12-07;85;308
2023-12-07;WINZ23;0;125935,000;1;090045083;1810;1;2023-12-07;4090;308
2023-12-07;WINZ23;0;125935,000;10;090045083;1820;1;2023-12-07;308;308
2023-12-07;WINZ23;0;125935,000;1;090045083;1830;1;2023-12-07;3;308
2023-12-07;WINZ23;0;125935,000;2;090045083;1840;1;2023-12-07;1982;308
2023-12-07;WINZ23;0;125935,000;2;090045083;1850;1;2023-12-07;4090;308
